INSERT INTO PRODUCTS(PRODUCT_NAME,PRODUCT_CODE,PRODUCT_DESC,ACTIVE_STATUS_IND,CREATED_DATE,CREATED_BY)VALUES('S&T','ST','S&T',1,NOW(),'Admin');
INSERT INTO PRODUCTS(PRODUCT_NAME,PRODUCT_CODE,PRODUCT_DESC,ACTIVE_STATUS_IND,CREATED_DATE,CREATED_BY)VALUES('MCT','MCT','MCT',1,NOW(),'Admin');

INSERT INTO MODULES(MODULE_NAME,MODULE_CODE,MODULE_DESC,ACTIVE_STATUS_IND,CREATED_DATE,CREATED_BY)VALUES('Observe','OBSV','Observe Module',1,NOW(),'Admin');
INSERT INTO MODULES(MODULE_NAME,MODULE_CODE,MODULE_DESC,ACTIVE_STATUS_IND,CREATED_DATE,CREATED_BY)VALUES('Analyse','ANLYS','Analyse Module',1,NOW(),'Admin');


INSERT INTO PRODUCT_MODULES(PRODUCT_SYS_ID,MODULE_SYS_ID,ACTIVE_STATUS_IND,CREATED_DATE,CREATED_BY)VALUES(1,1,1,NOW(),'Admin');
INSERT INTO PRODUCT_MODULES(PRODUCT_SYS_ID,MODULE_SYS_ID,ACTIVE_STATUS_IND,CREATED_DATE,CREATED_BY)VALUES(1,2,1,NOW(),'Admin');
INSERT INTO PRODUCT_MODULES(PRODUCT_SYS_ID,MODULE_SYS_ID,ACTIVE_STATUS_IND,CREATED_DATE,CREATED_BY)VALUES(2,1,1,NOW(),'Admin');
INSERT INTO PRODUCT_MODULES(PRODUCT_SYS_ID,MODULE_SYS_ID,ACTIVE_STATUS_IND,CREATED_DATE,CREATED_BY)VALUES(2,2,1,NOW(),'Admin');


INSERT INTO CUSTOMERS(CUSTOMER_CODE,COMPANY_NAME,COMPANY_BUSINESS,DOMAIN_NAME,LANDING_PROD_SYS_ID,ACTIVE_STATUS_IND,PASSWORD_EXPIRY_DAYS,CREATED_DATE,CREATED_BY) VALUES ('ATT','ATT','IT','IT',1,1,90,NOW(),'Admin');
INSERT INTO CUSTOMERS(CUSTOMER_CODE,COMPANY_NAME,COMPANY_BUSINESS,DOMAIN_NAME,LANDING_PROD_SYS_ID,ACTIVE_STATUS_IND,PASSWORD_EXPIRY_DAYS,CREATED_DATE,CREATED_BY) VALUES ('FRN','FRN','IT','IT',2,1,90,NOW(),'Admin');


INSERT INTO CUSTOMER_PRODUCTS(CUSTOMER_SYS_ID,PRODUCT_SYS_ID,ACTIVE_STATUS_IND,CREATED_DATE,CREATED_BY) VALUES (1,1,1,NOW(),'Admin');
INSERT INTO CUSTOMER_PRODUCTS(CUSTOMER_SYS_ID,PRODUCT_SYS_ID,ACTIVE_STATUS_IND,CREATED_DATE,CREATED_BY) VALUES (2,1,1,NOW(),'Admin');
INSERT INTO CUSTOMER_PRODUCTS(CUSTOMER_SYS_ID,PRODUCT_SYS_ID,ACTIVE_STATUS_IND,CREATED_DATE,CREATED_BY) VALUES (2,2,1,NOW(),'Admin');



INSERT INTO CUSTOMER_PRODUCT_MODULES(CUST_PROD_SYS_ID,PROD_MOD_SYS_ID,CUSTOMER_SYS_ID,ACTIVE_STATUS_IND,CREATED_DATE,CREATED_BY,MODULE_URL,`DEFAULT`) VALUES (1,1,1,1,NOW(),'Admin','/OBSV',1);
INSERT INTO CUSTOMER_PRODUCT_MODULES(CUST_PROD_SYS_ID,PROD_MOD_SYS_ID,CUSTOMER_SYS_ID,ACTIVE_STATUS_IND,CREATED_DATE,CREATED_BY,MODULE_URL,`DEFAULT`) VALUES (1,2,1,1,NOW(),'Admin','/ANLYS',0);

INSERT INTO CUSTOMER_PRODUCT_MODULES(CUST_PROD_SYS_ID,PROD_MOD_SYS_ID,CUSTOMER_SYS_ID,ACTIVE_STATUS_IND,CREATED_DATE,CREATED_BY,MODULE_URL,`DEFAULT`) VALUES (2,3,2,1,NOW(),'Admin','/OBSV',1);
INSERT INTO CUSTOMER_PRODUCT_MODULES(CUST_PROD_SYS_ID,PROD_MOD_SYS_ID,CUSTOMER_SYS_ID,ACTIVE_STATUS_IND,CREATED_DATE,CREATED_BY,MODULE_URL,`DEFAULT`) VALUES (2,4,2,1,NOW(),'Admin','/ANLYS',0);

INSERT INTO CUSTOMER_PRODUCT_MODULES(CUST_PROD_SYS_ID,PROD_MOD_SYS_ID,CUSTOMER_SYS_ID,ACTIVE_STATUS_IND,CREATED_DATE,CREATED_BY,MODULE_URL,`DEFAULT`) VALUES (3,3,2,1,NOW(),'Admin','/OBSV',1);
INSERT INTO CUSTOMER_PRODUCT_MODULES(CUST_PROD_SYS_ID,PROD_MOD_SYS_ID,CUSTOMER_SYS_ID,ACTIVE_STATUS_IND,CREATED_DATE,CREATED_BY,MODULE_URL,`DEFAULT`) VALUES (3,4,2,1,NOW(),'Admin','/ANLYS',0);


INSERT INTO CUSTOMER_PRODUCT_MODULE_FEATURES(CUST_PROD_MOD_SYS_ID,FEATURE_NAME,FEATURE_DESC,ACTIVE_STATUS_IND,DEFAULT_URL,CREATED_DATE,CREATED_BY,`DEFAULT`) VALUES (1,'ATT Dashboard 1','ATT Dashboard 1',1,'/dashboard1',NOW(),'Admin',1);
INSERT INTO CUSTOMER_PRODUCT_MODULE_FEATURES(CUST_PROD_MOD_SYS_ID,FEATURE_NAME,FEATURE_DESC,ACTIVE_STATUS_IND,DEFAULT_URL,CREATED_DATE,CREATED_BY,`DEFAULT`) VALUES (2,'ATT Dashboard 2','ATT Dashboard 2',1,'/dashboard2',NOW(),'Admin',1);


INSERT INTO CUSTOMER_PRODUCT_MODULE_FEATURES(CUST_PROD_MOD_SYS_ID,FEATURE_NAME,FEATURE_DESC,FEATURE_CODE,ACTIVE_STATUS_IND,DEFAULT_URL,CREATED_DATE,CREATED_BY,`DEFAULT`) VALUES (3,'FRN Dashboard 1','FRN Dashboard 1','FRN_1',1,'/dashboard1',NOW(),'Admin',1);
INSERT INTO CUSTOMER_PRODUCT_MODULE_FEATURES(CUST_PROD_MOD_SYS_ID,FEATURE_NAME,FEATURE_DESC,FEATURE_CODE,ACTIVE_STATUS_IND,DEFAULT_URL,CREATED_DATE,CREATED_BY,`DEFAULT`) VALUES (4,'FRN Dashboard 2','FRN Dashboard 2','FRN_2',1,'/dashboard2',NOW(),'Admin',1);
INSERT INTO CUSTOMER_PRODUCT_MODULE_FEATURES(CUST_PROD_MOD_SYS_ID,FEATURE_NAME,FEATURE_DESC,FEATURE_CODE,ACTIVE_STATUS_IND,DEFAULT_URL,CREATED_DATE,CREATED_BY,`DEFAULT`) VALUES (5,'FRN Dashboard 3','FRN Dashboard 3','FRN_3',1,'/dashboard3',NOW(),'Admin',1);
INSERT INTO CUSTOMER_PRODUCT_MODULE_FEATURES(CUST_PROD_MOD_SYS_ID,FEATURE_NAME,FEATURE_DESC,FEATURE_CODE,ACTIVE_STATUS_IND,DEFAULT_URL,CREATED_DATE,CREATED_BY,`DEFAULT`) VALUES (6,'FRN Dashboard 4','FRN Dashboard 4','FRN_4',1,'/dashboard4',NOW(),'Admin',1);



INSERT INTO ROLES(CUSTOMER_SYS_ID,ROLE_NAME,ROLE_DESC,ROLE_TYPE,ACTIVE_STATUS_IND,CREATED_DATE,CREATED_BY,DATA_SECURITY_KEY) VALUES(1,'ATT_Admin','Adminn for ATT','Admin',1,NOW(),'Admin','ATT_ADMIN');
INSERT INTO ROLES(CUSTOMER_SYS_ID,ROLE_NAME,ROLE_DESC,ROLE_TYPE,ACTIVE_STATUS_IND,CREATED_DATE,CREATED_BY,DATA_SECURITY_KEY) VALUES(2,'FRN_Admin','Adminn for FRN','Admin',1,NOW(),'Admin','FRN_ADMIN');



INSERT INTO PRIVILEGES(CUST_PROD_MOD_FEATURE_SYS_ID,PRIVILEGE_CODE,PRIVILEGE_NAME,PRIVILEGE_DESC,ACTIVE_STATUS_IND,CREATED_DATE,CREATED_BY) VALUES(1,'ATT_DASH1_RW','Dashboard1 Read Write','Dashboard1 Read Write',1,NOW(),'Admin');
INSERT INTO PRIVILEGES(CUST_PROD_MOD_FEATURE_SYS_ID,PRIVILEGE_CODE,PRIVILEGE_NAME,PRIVILEGE_DESC,ACTIVE_STATUS_IND,CREATED_DATE,CREATED_BY) VALUES(2,'ATT_DASH2_RW','Dashboard2 Read Write','Dashboard2 Read Write',1,NOW(),'Admin');


INSERT INTO PRIVILEGES(CUST_PROD_MOD_FEATURE_SYS_ID,PRIVILEGE_CODE,PRIVILEGE_NAME,PRIVILEGE_DESC,ACTIVE_STATUS_IND,CREATED_DATE,CREATED_BY) VALUES(3,'FRN_DASH1_RW','Dashboard1 Read Write','Dashboard1 Read Write',1,NOW(),'Admin');
INSERT INTO PRIVILEGES(CUST_PROD_MOD_FEATURE_SYS_ID,PRIVILEGE_CODE,PRIVILEGE_NAME,PRIVILEGE_DESC,ACTIVE_STATUS_IND,CREATED_DATE,CREATED_BY) VALUES(4,'FRN_DASH2_RW','Dashboard2 Read Write','Dashboard2 Read Write',1,NOW(),'Admin');
INSERT INTO PRIVILEGES(CUST_PROD_MOD_FEATURE_SYS_ID,PRIVILEGE_CODE,PRIVILEGE_NAME,PRIVILEGE_DESC,ACTIVE_STATUS_IND,CREATED_DATE,CREATED_BY) VALUES(5,'FRN_DASH3_RW','Dashboard3 Read Write','Dashboard3 Read Write',1,NOW(),'Admin');
INSERT INTO PRIVILEGES(CUST_PROD_MOD_FEATURE_SYS_ID,PRIVILEGE_CODE,PRIVILEGE_NAME,PRIVILEGE_DESC,ACTIVE_STATUS_IND,CREATED_DATE,CREATED_BY) VALUES(6,'FRN_DASH4_RW','Dashboard4 Read Write','Dashboard4 Read Write',1,NOW(),'Admin');


INSERT INTO ROLE_PRIVILEGES(ROLE_SYS_ID,PRIVILEGE_SYS_ID,ACTIVE_STATUS_IND,CREATED_DATE,CREATED_BY)VALUES(1,1,1,NOW(),'Admin');
INSERT INTO ROLE_PRIVILEGES(ROLE_SYS_ID,PRIVILEGE_SYS_ID,ACTIVE_STATUS_IND,CREATED_DATE,CREATED_BY)VALUES(1,2,1,NOW(),'Admin');

INSERT INTO ROLE_PRIVILEGES(ROLE_SYS_ID,PRIVILEGE_SYS_ID,ACTIVE_STATUS_IND,CREATED_DATE,CREATED_BY)VALUES(2,3,1,NOW(),'Admin');
INSERT INTO ROLE_PRIVILEGES(ROLE_SYS_ID,PRIVILEGE_SYS_ID,ACTIVE_STATUS_IND,CREATED_DATE,CREATED_BY)VALUES(2,4,1,NOW(),'Admin');
INSERT INTO ROLE_PRIVILEGES(ROLE_SYS_ID,PRIVILEGE_SYS_ID,ACTIVE_STATUS_IND,CREATED_DATE,CREATED_BY)VALUES(2,5,1,NOW(),'Admin');
INSERT INTO ROLE_PRIVILEGES(ROLE_SYS_ID,PRIVILEGE_SYS_ID,ACTIVE_STATUS_IND,CREATED_DATE,CREATED_BY)VALUES(2,6,1,NOW(),'Admin');

INSERT INTO USERS(USER_ID,CUSTOMER_SYS_ID,ROLE_SYS_ID,ENCRYPTED_PASSWORD,FIRST_NAME,LAST_NAME,ACTIVE_STATUS_IND,CREATED_DATE,CREATED_BY,PWD_MODIFIED_DATE)VALUES('shwetha@att.com',1,1,'RsjpEvOkJwdvnSkVcGoIUwpXNIw=','Shwetha','Somayaji',1,NOW(),'Admin',NOW());
INSERT INTO USERS(USER_ID,CUSTOMER_SYS_ID,ROLE_SYS_ID,ENCRYPTED_PASSWORD,FIRST_NAME,LAST_NAME,ACTIVE_STATUS_IND,CREATED_DATE,CREATED_BY,PWD_MODIFIED_DATE)VALUES('piuser@charter.com',2,2,'RsjpEvOkJwdvnSkVcGoIUwpXNIw=','PI','User',1,NOW(),'Admin',NOW());
INSERT INTO USERS(USER_ID,CUSTOMER_SYS_ID,ROLE_SYS_ID,ENCRYPTED_PASSWORD,FIRST_NAME,LAST_NAME,ACTIVE_STATUS_IND,CREATED_DATE,CREATED_BY,PWD_MODIFIED_DATE)VALUES('admin@att.com',2,2,'RsjpEvOkJwdvnSkVcGoIUwpXNIw=','admin','admin',1,NOW(),'Admin',NOW());
INSERT INTO USERS(USER_ID,CUSTOMER_SYS_ID,ROLE_SYS_ID,ENCRYPTED_PASSWORD,FIRST_NAME,LAST_NAME,ACTIVE_STATUS_IND,CREATED_DATE,CREATED_BY,PWD_MODIFIED_DATE)VALUES('Ashish.Sood@att.com',2,2,'RsjpEvOkJwdvnSkVcGoIUwpXNIw=','admin','admin',1,NOW(),'Admin',NOW());
INSERT INTO USERS(USER_ID,CUSTOMER_SYS_ID,ROLE_SYS_ID,ENCRYPTED_PASSWORD,FIRST_NAME,LAST_NAME,ACTIVE_STATUS_IND,CREATED_DATE,CREATED_BY,PWD_MODIFIED_DATE)VALUES('admin@smartcare.com',2,2,'RsjpEvOkJwdvnSkVcGoIUwpXNIw=','admin','admin',1,NOW(),'Admin',NOW());



INSERT INTO CONTACT_INFO(CUSTOMER_SYS_ID,FIRST_NAME,LAST_NAME,EMAIL)VALUES(1,'Shwetha','Somayaji','shwetha.somayaji@synchronoss.com');
INSERT INTO CONTACT_INFO(CUSTOMER_SYS_ID,FIRST_NAME,LAST_NAME,EMAIL)VALUES(2,'PI','User','skum0048@Synchronoss.com');
INSERT INTO CONTACT_INFO(CUSTOMER_SYS_ID,FIRST_NAME,LAST_NAME,EMAIL)VALUES(1,'admin','admin','kips0002@Synchronoss.com');
INSERT INTO CONTACT_INFO(CUSTOMER_SYS_ID,FIRST_NAME,LAST_NAME,EMAIL)VALUES(2,'admin','admin','Ashish.Sood@synchronoss.com');
INSERT INTO CONTACT_INFO(CUSTOMER_SYS_ID,FIRST_NAME,LAST_NAME,EMAIL)VALUES(2,'admin','admin','Saurav.Paul@synchronoss.com');

INSERT INTO USER_CONTACT(USER_SYS_ID,CONTACT_INFO_SYS_ID)VALUES(1,1);
INSERT INTO USER_CONTACT(USER_SYS_ID,CONTACT_INFO_SYS_ID)VALUES(2,2);
INSERT INTO USER_CONTACT(USER_SYS_ID,CONTACT_INFO_SYS_ID)VALUES(3,3);
INSERT INTO USER_CONTACT(USER_SYS_ID,CONTACT_INFO_SYS_ID)VALUES(4,4);
INSERT INTO USER_CONTACT(USER_SYS_ID,CONTACT_INFO_SYS_ID)VALUES(5,5);

